day1,day2,day3,day4,day5
4.16763779,4.11231488,4.05690321,4.00151269,3.94611713
hold,hold,hold,hold,hold
