day1,day2,day3,day4,day5
5.4941607,5.596987,5.653789,5.509468,5.804011
buy,hold,sell,buy,sell
