day1,day2,day3,day4,day5
5.548694,5.653282,5.736623,5.892332,5.854029
buy,hold,hold,sell,hold
