day1,day2,day3,day4,day5
3.3437802,3.34612052,3.3472936,3.34840313,3.34950921
buy,hold,hold,hold,sell
