day1,day2,day3,day4,day5
3.35663075,3.35762342,3.35874426,3.35987206,3.36100023
buy,hold,hold,hold,sell
