day1,day2,day3,day4,day5
4.22956,4.180115,4.139213,4.0593657,3.9930828
hold,hold,hold,hold,hold
