day1,day2,day3,day4,day5
2058.39879225,2060.35839312,2062.35953206,2064.36298756,2066.36657225
buy,hold,hold,hold,sell
