day1,day2,day3,day4,day5
2071.36873255,2072.51823628,2074.48166289,2076.4904929,2078.50185566
buy,hold,hold,hold,sell
