day1,day2,day3,day4,day5
51.2790864,51.34410544,51.3922047,51.4398879,51.48756086
buy,hold,hold,hold,sell
