day1,day2,day3,day4,day5
51.78463746,51.80837553,51.85580406,51.90383181,51.95187472
buy,hold,hold,hold,sell
