day1,day2,day3,day4,day5
53.551674,54.04567,54.489334,55.10054,55.49297
buy,hold,hold,hold,sell
