day1,day2,day3,day4,day5
3.48671,3.5561657,3.5225828,3.628836,3.7277875
buy,sell,buy,hold,sell
