day1,day2,day3,day4,day5
3.3742554,3.4317715,3.4635136,3.4852126,3.5186126
buy,hold,hold,hold,sell
