open,high,low,close
7539.8857421875,7665.31640625,7469.67236328125,0.0
