day1,day2,day3,day4,day5
49.47388,53.054207,52.0803,51.06155,53.92818
buy,sell,hold,buy,sell
