day1,day2,day3,day4,day5
52.593063,52.148674,52.827393,51.96722,54.860325
hold,buy,sell,buy,sell
