day1,day2,day3,day4,day5
30.926342,30.908329,30.670956,30.909481,30.844416
hold,hold,buy,sell,hold
