day1,day2,day3,day4,day5
167.9914,161.4567,162.30554,163.17424,141.60188
hold,buy,hold,sell,hold
