day1,day2,day3,day4,day5
30.88384141,30.87040153,30.85714927,30.84390996,30.83067154
hold,hold,hold,hold,hold
