day1,day2,day3,day4,day5
5.41935928,5.4220461,5.42474266,5.42743921,5.43013576
buy,hold,hold,hold,sell
