day1,day2,day3,day4,day5
5.45049432,5.45323811,5.45598319,5.45872827,5.46147335
buy,hold,hold,hold,sell
