day1,day2,day3,day4,day5
5.46570068,5.46846677,5.4712284,5.47399003,5.47675167
buy,hold,hold,hold,sell
